label,language,file_path,error_type,error_category,line,column,message,offending_symbol,source_line,feat_lang_C,feat_lang_CPP,feat_lang_Java,feat_type_LEXICAL,feat_type_SYNTAX,feat_type_NONE,feat_cat_MISSING_TOKEN,feat_cat_EXTRANEOUS_TOKEN,feat_cat_MISMATCHED_TOKEN,feat_cat_NO_VIABLE_ALT,feat_cat_UNRECOGNIZED_TOKEN,feat_cat_OTHER,feat_line_norm,feat_col_norm,feat_src_len_norm,feat_quoted_token_count,feat_msg_len_norm,feat_brace_balance_flag,feat_paren_balance_flag,feat_has_semicolon,feat_has_main,feat_hint_semicolon,feat_hint_semi,feat_hint_lbrace,feat_hint_rbrace,feat_hint_lparen,feat_hint_rparen,feat_hint_identifier,feat_hint_return,feat_hint_int,feat_hint_void,feat_hint_class,feat_hint_if,feat_hint_while,feat_hint_for,feat_hint_string,feat_language_label_norm
NO_ERROR,C,samples/c/array.c,NONE,OTHER,0,0,,,,1,0,0,0,0,1,0,0,0,0,0,1,0.0,0.0,0.0,0.0,0.0,0.0,0.0,0.0,0.0,0.0,0.0,0.0,0.0,0.0,0.0,0.0,0.0,0.0,0.0,0.0,0.0,0.0,0.0,0.0,0.0
FIX_TYPO_INT,C,samples/c/array.c,NONE,OTHER,0,0,,,,1,0,0,0,0,1,0,0,0,0,0,1,0.0,0.0,0.0,0.0,0.0,0.0,0.0,0.0,0.0,0.0,0.0,0.0,0.0,0.0,0.0,0.0,0.0,0.0,0.0,0.0,0.0,0.0,0.0,0.0,0.0
ADD_SEMICOLON,C,samples/c/array.c,SYNTAX,MISSING_TOKEN,11,4,missing ';' at '}',},    },1,0,0,0,1,0,1,0,0,0,0,0,0.011,0.02,0.016666666666666666,0.2,0.06,1.0,0.0,0.0,0.0,0.0,1.0,0.0,1.0,0.0,0.0,0.0,0.0,0.0,0.0,0.0,0.0,0.0,0.0,0.0,0.0
ADD_CLOSING_BRACE,C,samples/c/array.c,SYNTAX,EXTRANEOUS_TOKEN,13,0,"extraneous input '<EOF>' expecting {'(', '{', '}', '!', '++', '--', '+', '-', '*', '&', '~', 'int', 'float', 'double', 'char', 'void', 'short', 'long', 'unsigned', 'signed', 'const', 'static', 'extern', 'register', 'volatile', 'auto', 'inline', 'restrict', 'struct', 'union', 'enum', 'if', 'while', 'do', 'for', 'switch', 'break', 'continue', 'goto', 'return', 'sizeof', 'printf', 'scanf', 'fprintf', 'fscanf', 'sprintf', 'sscanf', 'puts', 'gets', 'getchar', 'putchar', 'malloc', 'calloc', 'realloc', 'free', 'memcpy', 'memset', 'memmove', 'strlen', 'strcpy', 'strncpy', 'strcat', 'strncat', 'strcmp', 'strncmp', 'strchr', 'strstr', 'atoi', 'atof', 'atol', 'fopen', 'fclose', 'fread', 'fwrite', 'fgets', 'fputs', 'feof', 'fflush', 'rewind', 'fseek', 'ftell', 'abs', 'fabs', 'sqrt', 'pow', 'ceil', 'floor', 'rand', 'srand', 'exit', 'abort', 'assert', 'time', 'clock', 'NULL', 'true', 'false', HEX_NUMBER, OCTAL_NUMBER, FLOAT_NUMBER, NUMBER, CHAR_LITERAL, STRING, IDENTIFIER}",<EOF>,,1,0,0,0,1,0,0,1,0,0,0,0,0.013,0.0,0.0,1.0,1.0,0.0,0.0,0.0,0.0,0.0,0.0,1.0,1.0,1.0,0.0,1.0,1.0,1.0,1.0,0.0,1.0,1.0,1.0,1.0,0.0
ADD_SEMICOLON,C,samples/c/array.c,SYNTAX,MISSING_TOKEN,9,22,missing ';' at 'i',i,    for (i = 0; i < 5 i++) {,1,0,0,0,1,0,1,0,0,0,0,0,0.009,0.11,0.09333333333333334,0.2,0.06,1.0,0.0,1.0,0.0,0.0,1.0,1.0,0.0,1.0,1.0,0.0,0.0,0.0,0.0,0.0,0.0,0.0,1.0,0.0,0.0
NO_ERROR,C,samples/c/calc.c,NONE,OTHER,0,0,,,,1,0,0,0,0,1,0,0,0,0,0,1,0.0,0.0,0.0,0.0,0.0,0.0,0.0,0.0,0.0,0.0,0.0,0.0,0.0,0.0,0.0,0.0,0.0,0.0,0.0,0.0,0.0,0.0,0.0,0.0,0.0
ADD_SEMICOLON,C,samples/c/calc.c,SYNTAX,MISSING_TOKEN,15,4,missing ';' at 'printf',printf,"    printf(""Sub: %d\n"", y);",1,0,0,0,1,0,1,0,0,0,0,0,0.015,0.02,0.09,0.2,0.07666666666666666,0.0,0.0,1.0,0.0,0.0,1.0,0.0,0.0,1.0,1.0,0.0,0.0,1.0,0.0,0.0,0.0,0.0,0.0,0.0,0.0
ADD_CLOSING_BRACE,C,samples/c/calc.c,SYNTAX,MISSING_TOKEN,17,0,missing '}' at '<EOF>',<EOF>,,1,0,0,0,1,0,1,0,0,0,0,0,0.017,0.0,0.0,0.2,0.07333333333333333,0.0,0.0,0.0,0.0,0.0,0.0,0.0,1.0,0.0,0.0,0.0,0.0,0.0,0.0,0.0,0.0,0.0,0.0,0.0,0.0
ADD_SEMICOLON,C,samples/c/calc.c,SYNTAX,MISSING_TOKEN,5,0,missing ';' at '}',},},1,0,0,0,1,0,1,0,0,0,0,0,0.005,0.0,0.0033333333333333335,0.2,0.06,1.0,0.0,0.0,0.0,0.0,1.0,0.0,1.0,0.0,0.0,0.0,0.0,0.0,0.0,0.0,0.0,0.0,0.0,0.0,0.0
ADD_SEMICOLON,C,samples/c/calc.c,SYNTAX,MISSING_TOKEN,15,4,missing ';' at 'printf',printf,"    printf(""Sub: %d\n"", y);",1,0,0,0,1,0,1,0,0,0,0,0,0.015,0.02,0.09,0.2,0.07666666666666666,0.0,0.0,1.0,0.0,0.0,1.0,0.0,0.0,1.0,1.0,0.0,0.0,1.0,0.0,0.0,0.0,0.0,0.0,0.0,0.0
NO_ERROR,C,samples/c/conditions.c,NONE,OTHER,0,0,,,,1,0,0,0,0,1,0,0,0,0,0,1,0.0,0.0,0.0,0.0,0.0,0.0,0.0,0.0,0.0,0.0,0.0,0.0,0.0,0.0,0.0,0.0,0.0,0.0,0.0,0.0,0.0,0.0,0.0,0.0,0.0
ADD_SEMICOLON,C,samples/c/conditions.c,SYNTAX,MISSING_TOKEN,12,0,missing ';' at '}',},},1,0,0,0,1,0,1,0,0,0,0,0,0.012,0.0,0.0033333333333333335,0.2,0.06,1.0,0.0,0.0,0.0,0.0,1.0,0.0,1.0,0.0,0.0,0.0,0.0,0.0,0.0,0.0,0.0,0.0,0.0,0.0,0.0
FIX_TYPO_RETURN,C,samples/c/conditions.c,SYNTAX,NO_VIABLE_ALT,11,10,no viable alternative at input 'retun0',0,    retun 0;,1,0,0,0,1,0,0,0,0,1,0,0,0.011,0.05,0.04,0.1,0.13,0.0,0.0,1.0,0.0,0.0,1.0,0.0,0.0,0.0,0.0,0.0,0.0,0.0,0.0,0.0,0.0,0.0,0.0,0.0,0.0
FIX_TYPO_INT,C,samples/c/conditions.c,NONE,OTHER,0,0,,,,1,0,0,0,0,1,0,0,0,0,0,1,0.0,0.0,0.0,0.0,0.0,0.0,0.0,0.0,0.0,0.0,0.0,0.0,0.0,0.0,0.0,0.0,0.0,0.0,0.0,0.0,0.0,0.0,0.0,0.0,0.0
ADD_SEMICOLON,C,samples/c/conditions.c,SYNTAX,MISSING_TOKEN,8,4,missing ';' at '}',},    } else {,1,0,0,0,1,0,1,0,0,0,0,0,0.008,0.02,0.04,0.2,0.06,0.0,0.0,0.0,0.0,0.0,1.0,1.0,1.0,0.0,0.0,0.0,0.0,0.0,0.0,0.0,0.0,0.0,0.0,0.0,0.0
ADD_CLOSING_BRACE,C,samples/c/functions.c,SYNTAX,MISMATCHED_TOKEN,11,8,"mismatched input '(' expecting {';', ','}",(,int main() {,1,0,0,0,1,0,0,0,1,0,0,0,0.011,0.04,0.04,0.3,0.13666666666666666,1.0,0.0,0.0,1.0,0.0,1.0,1.0,1.0,1.0,1.0,0.0,0.0,1.0,0.0,0.0,0.0,0.0,0.0,0.0,0.0
ADD_CLOSING_BRACE,C,samples/c/functions.c,SYNTAX,NO_VIABLE_ALT,16,2,no viable alternative at input 'f',<EOF>,}f,1,0,0,0,1,0,0,0,0,1,0,0,0.016,0.01,0.006666666666666667,0.1,0.11333333333333333,1.0,0.0,0.0,0.0,0.0,0.0,0.0,1.0,0.0,0.0,0.0,0.0,0.0,0.0,0.0,0.0,0.0,0.0,0.0,0.0
ADD_SEMICOLON,C,samples/c/functions.c,SYNTAX,MISSING_TOKEN,5,0,missing ';' at '}',},},1,0,0,0,1,0,1,0,0,0,0,0,0.005,0.0,0.0033333333333333335,0.2,0.06,1.0,0.0,0.0,0.0,0.0,1.0,0.0,1.0,0.0,0.0,0.0,0.0,0.0,0.0,0.0,0.0,0.0,0.0,0.0,0.0
ADD_SEMICOLON,C,samples/c/functions.c,SYNTAX,NO_VIABLE_ALT,16,2,no viable alternative at input 'f',<EOF>,}f,1,0,0,0,1,0,0,0,0,1,0,0,0.016,0.01,0.006666666666666667,0.1,0.11333333333333333,1.0,0.0,0.0,0.0,0.0,0.0,0.0,1.0,0.0,0.0,0.0,0.0,0.0,0.0,0.0,0.0,0.0,0.0,0.0,0.0
REMOVE_EXTRA_SEMICOLON,C,samples/c/functions.c,SYNTAX,EXTRANEOUS_TOKEN,8,21,"extraneous input ';' expecting {<EOF>, '#', '(', '{', '}', '!', '++', '--', '+', '-', '*', '&', '~', 'int', 'float', 'double', 'char', 'void', 'short', 'long', 'unsigned', 'signed', 'const', 'static', 'extern', 'register', 'volatile', 'auto', 'inline', 'restrict', 'struct', 'union', 'enum', 'typedef', 'if', 'while', 'do', 'for', 'switch', 'break', 'continue', 'goto', 'return', 'sizeof', 'printf', 'scanf', 'fprintf', 'fscanf', 'sprintf', 'sscanf', 'puts', 'gets', 'getchar', 'putchar', 'malloc', 'calloc', 'realloc', 'free', 'memcpy', 'memset', 'memmove', 'strlen', 'strcpy', 'strncpy', 'strcat', 'strncat', 'strcmp', 'strncmp', 'strchr', 'strstr', 'atoi', 'atof', 'atol', 'fopen', 'fclose', 'fread', 'fwrite', 'fgets', 'fputs', 'feof', 'fflush', 'rewind', 'fseek', 'ftell', 'abs', 'fabs', 'sqrt', 'pow', 'ceil', 'floor', 'rand', 'srand', 'exit', 'abort', 'assert', 'time', 'clock', 'NULL', 'true', 'false', HEX_NUMBER, OCTAL_NUMBER, FLOAT_NUMBER, NUMBER, CHAR_LITERAL, STRING, IDENTIFIER}",;,    return n * n * n;;,1,0,0,0,1,0,0,1,0,0,0,0,0.008,0.105,0.07333333333333333,1.0,1.0,0.0,0.0,1.0,0.0,0.0,1.0,1.0,1.0,1.0,0.0,1.0,1.0,1.0,1.0,0.0,1.0,1.0,1.0,1.0,0.0
REMOVE_EXTRA_SEMICOLON,C,samples/c/functions.c,SYNTAX,NO_VIABLE_ALT,16,2,no viable alternative at input 'f',<EOF>,}f,1,0,0,0,1,0,0,0,0,1,0,0,0.016,0.01,0.006666666666666667,0.1,0.11333333333333333,1.0,0.0,0.0,0.0,0.0,0.0,0.0,1.0,0.0,0.0,0.0,0.0,0.0,0.0,0.0,0.0,0.0,0.0,0.0,0.0
ADD_SEMICOLON,C,samples/c/functions.c,SYNTAX,MISMATCHED_TOKEN,13,4,"mismatched input 'printf' expecting {';', ','}",printf,"    printf(""Square: %d\n"", square(a));",1,0,0,0,1,0,0,0,1,0,0,0,0.013,0.02,0.12666666666666668,0.3,0.15333333333333332,0.0,0.0,1.0,0.0,0.0,1.0,1.0,1.0,1.0,1.0,0.0,0.0,1.0,0.0,0.0,0.0,0.0,0.0,0.0,0.0
ADD_SEMICOLON,C,samples/c/functions.c,SYNTAX,NO_VIABLE_ALT,16,2,no viable alternative at input 'f',<EOF>,}f,1,0,0,0,1,0,0,0,0,1,0,0,0.016,0.01,0.006666666666666667,0.1,0.11333333333333333,1.0,0.0,0.0,0.0,0.0,0.0,0.0,1.0,0.0,0.0,0.0,0.0,0.0,0.0,0.0,0.0,0.0,0.0,0.0,0.0
FIX_TYPO_RETURN,C,samples/c/hello.c,SYNTAX,MISMATCHED_TOKEN,5,4,"mismatched input 'int' expecting {';', ','}",int,    int y=20,1,0,0,0,1,0,0,0,1,0,0,0,0.005,0.02,0.04,0.3,0.14333333333333334,0.0,0.0,0.0,0.0,0.0,1.0,1.0,1.0,0.0,0.0,0.0,0.0,1.0,0.0,0.0,0.0,0.0,0.0,0.0,0.0
FIX_TYPO_RETURN,C,samples/c/hello.c,SYNTAX,MISMATCHED_TOKEN,6,4,"mismatched input 'printf' expecting {';', ','}",printf,"    printf(""%d\n"", x);",1,0,0,0,1,0,0,0,1,0,0,0,0.006,0.02,0.07333333333333333,0.3,0.15333333333333332,0.0,0.0,1.0,0.0,0.0,1.0,1.0,1.0,1.0,1.0,0.0,0.0,1.0,0.0,0.0,0.0,0.0,0.0,0.0,0.0
FIX_TYPO_RETURN,C,samples/c/hello.c,SYNTAX,NO_VIABLE_ALT,7,10,no viable alternative at input 'retun0',0,    retun 0;,1,0,0,0,1,0,0,0,0,1,0,0,0.007,0.05,0.04,0.1,0.13,0.0,0.0,1.0,0.0,0.0,1.0,0.0,0.0,0.0,0.0,0.0,0.0,0.0,0.0,0.0,0.0,0.0,0.0,0.0,0.0
REMOVE_EXTRA_SEMICOLON,C,samples/c/hello.c,SYNTAX,MISMATCHED_TOKEN,5,4,"mismatched input 'int' expecting {';', ','}",int,    int y=20,1,0,0,0,1,0,0,0,1,0,0,0,0.005,0.02,0.04,0.3,0.14333333333333334,0.0,0.0,0.0,0.0,0.0,1.0,1.0,1.0,0.0,0.0,0.0,0.0,1.0,0.0,0.0,0.0,0.0,0.0,0.0,0.0
REMOVE_EXTRA_SEMICOLON,C,samples/c/hello.c,SYNTAX,MISMATCHED_TOKEN,6,4,"mismatched input 'printf' expecting {';', ','}",printf,"    printf(""%d\n"", x);;",1,0,0,0,1,0,0,0,1,0,0,0,0.006,0.02,0.07666666666666666,0.3,0.15333333333333332,0.0,0.0,1.0,0.0,0.0,1.0,1.0,1.0,1.0,1.0,0.0,0.0,1.0,0.0,0.0,0.0,0.0,0.0,0.0,0.0
REMOVE_EXTRA_SEMICOLON,C,samples/c/hello.c,SYNTAX,EXTRANEOUS_TOKEN,6,22,"extraneous input ';' expecting {<EOF>, '#', '(', '{', '}', '!', '++', '--', '+', '-', '*', '&', '~', 'int', 'float', 'double', 'char', 'void', 'short', 'long', 'unsigned', 'signed', 'const', 'static', 'extern', 'register', 'volatile', 'auto', 'inline', 'restrict', 'struct', 'union', 'enum', 'typedef', 'if', 'while', 'do', 'for', 'switch', 'break', 'continue', 'goto', 'return', 'sizeof', 'printf', 'scanf', 'fprintf', 'fscanf', 'sprintf', 'sscanf', 'puts', 'gets', 'getchar', 'putchar', 'malloc', 'calloc', 'realloc', 'free', 'memcpy', 'memset', 'memmove', 'strlen', 'strcpy', 'strncpy', 'strcat', 'strncat', 'strcmp', 'strncmp', 'strchr', 'strstr', 'atoi', 'atof', 'atol', 'fopen', 'fclose', 'fread', 'fwrite', 'fgets', 'fputs', 'feof', 'fflush', 'rewind', 'fseek', 'ftell', 'abs', 'fabs', 'sqrt', 'pow', 'ceil', 'floor', 'rand', 'srand', 'exit', 'abort', 'assert', 'time', 'clock', 'NULL', 'true', 'false', HEX_NUMBER, OCTAL_NUMBER, FLOAT_NUMBER, NUMBER, CHAR_LITERAL, STRING, IDENTIFIER}",;,"    printf(""%d\n"", x);;",1,0,0,0,1,0,0,1,0,0,0,0,0.006,0.11,0.07666666666666666,1.0,1.0,0.0,0.0,1.0,0.0,0.0,1.0,1.0,1.0,1.0,1.0,1.0,1.0,1.0,1.0,0.0,1.0,1.0,1.0,1.0,0.0
FIX_TYPO_RETURN,C,samples/c/hello.c,SYNTAX,MISMATCHED_TOKEN,5,4,"mismatched input 'int' expecting {';', ','}",int,    int y=20,1,0,0,0,1,0,0,0,1,0,0,0,0.005,0.02,0.04,0.3,0.14333333333333334,0.0,0.0,0.0,0.0,0.0,1.0,1.0,1.0,0.0,0.0,0.0,0.0,1.0,0.0,0.0,0.0,0.0,0.0,0.0,0.0
FIX_TYPO_RETURN,C,samples/c/hello.c,SYNTAX,MISMATCHED_TOKEN,6,4,"mismatched input 'printf' expecting {';', ','}",printf,"    printf(""%d\n"", x);",1,0,0,0,1,0,0,0,1,0,0,0,0.006,0.02,0.07333333333333333,0.3,0.15333333333333332,0.0,0.0,1.0,0.0,0.0,1.0,1.0,1.0,1.0,1.0,0.0,0.0,1.0,0.0,0.0,0.0,0.0,0.0,0.0,0.0
FIX_TYPO_RETURN,C,samples/c/hello.c,SYNTAX,NO_VIABLE_ALT,7,10,no viable alternative at input 'retun0',0,    retun 0;,1,0,0,0,1,0,0,0,0,1,0,0,0.007,0.05,0.04,0.1,0.13,0.0,0.0,1.0,0.0,0.0,1.0,0.0,0.0,0.0,0.0,0.0,0.0,0.0,0.0,0.0,0.0,0.0,0.0,0.0,0.0
FIX_TYPO_INT,C,samples/c/hello.c,SYNTAX,MISMATCHED_TOKEN,5,4,"mismatched input 'int' expecting {';', ','}",int,    int y=20,1,0,0,0,1,0,0,0,1,0,0,0,0.005,0.02,0.04,0.3,0.14333333333333334,0.0,0.0,0.0,0.0,0.0,1.0,1.0,1.0,0.0,0.0,0.0,0.0,1.0,0.0,0.0,0.0,0.0,0.0,0.0,0.0
FIX_TYPO_INT,C,samples/c/hello.c,SYNTAX,MISMATCHED_TOKEN,6,4,"mismatched input 'printf' expecting {';', ','}",printf,"    printf(""%d\n"", x);",1,0,0,0,1,0,0,0,1,0,0,0,0.006,0.02,0.07333333333333333,0.3,0.15333333333333332,0.0,0.0,1.0,0.0,0.0,1.0,1.0,1.0,1.0,1.0,0.0,0.0,1.0,0.0,0.0,0.0,0.0,0.0,0.0,0.0
NO_ERROR,C,samples/c/loop.c,NONE,OTHER,0,0,,,,1,0,0,0,0,1,0,0,0,0,0,1,0.0,0.0,0.0,0.0,0.0,0.0,0.0,0.0,0.0,0.0,0.0,0.0,0.0,0.0,0.0,0.0,0.0,0.0,0.0,0.0,0.0,0.0,0.0,0.0,0.0
FIX_TYPO_INT,C,samples/c/loop.c,NONE,OTHER,0,0,,,,1,0,0,0,0,1,0,0,0,0,0,1,0.0,0.0,0.0,0.0,0.0,0.0,0.0,0.0,0.0,0.0,0.0,0.0,0.0,0.0,0.0,0.0,0.0,0.0,0.0,0.0,0.0,0.0,0.0,0.0,0.0
ADD_SEMICOLON,C,samples/c/loop.c,SYNTAX,MISMATCHED_TOKEN,5,4,"mismatched input 'int' expecting {';', ','}",int,    int sum = 0;,1,0,0,0,1,0,0,0,1,0,0,0,0.005,0.02,0.05333333333333334,0.3,0.14333333333333334,0.0,0.0,1.0,0.0,0.0,1.0,1.0,1.0,0.0,0.0,0.0,0.0,1.0,0.0,0.0,0.0,0.0,0.0,0.0,0.0
ADD_SEMICOLON,C,samples/c/loop.c,SYNTAX,NO_VIABLE_ALT,8,4,no viable alternative at input 'sum=sum+i}',},    },1,0,0,0,1,0,0,0,0,1,0,0,0.008,0.02,0.016666666666666666,0.1,0.14333333333333334,1.0,0.0,0.0,0.0,0.0,0.0,0.0,1.0,0.0,0.0,0.0,0.0,0.0,0.0,0.0,0.0,0.0,0.0,0.0,0.0
ADD_SEMICOLON,C,samples/c/loop.c,SYNTAX,MISSING_TOKEN,8,4,missing ';' at '}',},    },1,0,0,0,1,0,1,0,0,0,0,0,0.008,0.02,0.016666666666666666,0.2,0.06,1.0,0.0,0.0,0.0,0.0,1.0,0.0,1.0,0.0,0.0,0.0,0.0,0.0,0.0,0.0,0.0,0.0,0.0,0.0,0.0
ADD_CLOSING_BRACE,C,samples/c/loop.c,SYNTAX,MISSING_TOKEN,11,0,missing '}' at '<EOF>',<EOF>,,1,0,0,0,1,0,1,0,0,0,0,0,0.011,0.0,0.0,0.2,0.07333333333333333,0.0,0.0,0.0,0.0,0.0,0.0,0.0,1.0,0.0,0.0,0.0,0.0,0.0,0.0,0.0,0.0,0.0,0.0,0.0,0.0
NO_ERROR,C,samples/c/strings.c,NONE,OTHER,0,0,,,,1,0,0,0,0,1,0,0,0,0,0,1,0.0,0.0,0.0,0.0,0.0,0.0,0.0,0.0,0.0,0.0,0.0,0.0,0.0,0.0,0.0,0.0,0.0,0.0,0.0,0.0,0.0,0.0,0.0,0.0,0.0
ADD_CLOSING_BRACE,C,samples/c/strings.c,SYNTAX,MISSING_TOKEN,12,0,missing '}' at '<EOF>',<EOF>,,1,0,0,0,1,0,1,0,0,0,0,0,0.012,0.0,0.0,0.2,0.07333333333333333,0.0,0.0,0.0,0.0,0.0,0.0,0.0,1.0,0.0,0.0,0.0,0.0,0.0,0.0,0.0,0.0,0.0,0.0,0.0,0.0
REMOVE_EXTRA_SEMICOLON,C,samples/c/strings.c,SYNTAX,EXTRANEOUS_TOKEN,12,1,"extraneous input ';' expecting {<EOF>, '#', 'int', 'float', 'double', 'char', 'void', 'short', 'long', 'unsigned', 'signed', 'const', 'static', 'extern', 'register', 'volatile', 'auto', 'inline', 'restrict', 'struct', 'union', 'enum', 'typedef', IDENTIFIER}",;,};,1,0,0,0,1,0,0,1,0,0,0,0,0.012,0.005,0.006666666666666667,1.0,0.8566666666666667,1.0,0.0,1.0,0.0,0.0,1.0,1.0,1.0,0.0,0.0,1.0,0.0,1.0,1.0,0.0,1.0,0.0,0.0,0.0,0.0
ADD_SEMICOLON,C,samples/c/strings.c,SYNTAX,MISSING_TOKEN,11,4,missing ';' at 'return',return,    return 0;,1,0,0,0,1,0,1,0,0,0,0,0,0.011,0.02,0.043333333333333335,0.2,0.07666666666666666,0.0,0.0,1.0,0.0,0.0,1.0,0.0,0.0,0.0,0.0,0.0,1.0,0.0,0.0,0.0,0.0,0.0,0.0,0.0,0.0
ADD_CLOSING_BRACE,C,samples/c/strings.c,SYNTAX,MISSING_TOKEN,12,0,missing '}' at '<EOF>',<EOF>,,1,0,0,0,1,0,1,0,0,0,0,0,0.012,0.0,0.0,0.2,0.07333333333333333,0.0,0.0,0.0,0.0,0.0,0.0,0.0,1.0,0.0,0.0,0.0,0.0,0.0,0.0,0.0,0.0,0.0,0.0,0.0,0.0
NO_ERROR,C,samples/c/switch.c,NONE,OTHER,0,0,,,,1,0,0,0,0,1,0,0,0,0,0,1,0.0,0.0,0.0,0.0,0.0,0.0,0.0,0.0,0.0,0.0,0.0,0.0,0.0,0.0,0.0,0.0,0.0,0.0,0.0,0.0,0.0,0.0,0.0,0.0,0.0
FIX_TYPO_RETURN,C,samples/c/switch.c,SYNTAX,NO_VIABLE_ALT,19,10,no viable alternative at input 'retun0',0,    retun 0;,1,0,0,0,1,0,0,0,0,1,0,0,0.019,0.05,0.04,0.1,0.13,0.0,0.0,1.0,0.0,0.0,1.0,0.0,0.0,0.0,0.0,0.0,0.0,0.0,0.0,0.0,0.0,0.0,0.0,0.0,0.0
ADD_SEMICOLON,C,samples/c/switch.c,SYNTAX,MISSING_TOKEN,18,4,missing ';' at '}',},    },1,0,0,0,1,0,1,0,0,0,0,0,0.018,0.02,0.016666666666666666,0.2,0.06,1.0,0.0,0.0,0.0,0.0,1.0,0.0,1.0,0.0,0.0,0.0,0.0,0.0,0.0,0.0,0.0,0.0,0.0,0.0,0.0
FIX_TYPO_INT,C,samples/c/switch.c,NONE,OTHER,0,0,,,,1,0,0,0,0,1,0,0,0,0,0,1,0.0,0.0,0.0,0.0,0.0,0.0,0.0,0.0,0.0,0.0,0.0,0.0,0.0,0.0,0.0,0.0,0.0,0.0,0.0,0.0,0.0,0.0,0.0,0.0,0.0
ADD_SEMICOLON,C,samples/c/switch.c,SYNTAX,MISMATCHED_TOKEN,5,4,"mismatched input 'switch' expecting {';', ','}",switch,    switch (day) {,1,0,0,0,1,0,0,0,1,0,0,0,0.005,0.02,0.06,0.3,0.15333333333333332,1.0,0.0,0.0,0.0,0.0,1.0,1.0,1.0,1.0,1.0,0.0,0.0,0.0,0.0,0.0,0.0,0.0,0.0,0.0,0.0
NO_ERROR,C,samples/c/while.c,NONE,OTHER,0,0,,,,1,0,0,0,0,1,0,0,0,0,0,1,0.0,0.0,0.0,0.0,0.0,0.0,0.0,0.0,0.0,0.0,0.0,0.0,0.0,0.0,0.0,0.0,0.0,0.0,0.0,0.0,0.0,0.0,0.0,0.0,0.0
ADD_SEMICOLON,C,samples/c/while.c,SYNTAX,MISSING_TOKEN,7,8,missing ';' at 'n',n,        n = n + 1;,1,0,0,0,1,0,1,0,0,0,0,0,0.007,0.04,0.06,0.2,0.06,0.0,0.0,1.0,0.0,0.0,1.0,0.0,0.0,0.0,0.0,0.0,0.0,0.0,0.0,0.0,0.0,0.0,0.0,0.0,0.0
ADD_SEMICOLON,C,samples/c/while.c,SYNTAX,NO_VIABLE_ALT,8,4,no viable alternative at input 'n=n+1}',},    },1,0,0,0,1,0,0,0,0,1,0,0,0.008,0.02,0.016666666666666666,0.1,0.13,1.0,0.0,0.0,0.0,0.0,0.0,0.0,1.0,0.0,0.0,0.0,0.0,0.0,0.0,0.0,0.0,0.0,0.0,0.0,0.0
ADD_SEMICOLON,C,samples/c/while.c,SYNTAX,MISSING_TOKEN,8,4,missing ';' at '}',},    },1,0,0,0,1,0,1,0,0,0,0,0,0.008,0.02,0.016666666666666666,0.2,0.06,1.0,0.0,0.0,0.0,0.0,1.0,0.0,1.0,0.0,0.0,0.0,0.0,0.0,0.0,0.0,0.0,0.0,0.0,0.0,0.0
ADD_CLOSING_BRACE,C,samples/c/while.c,SYNTAX,MISSING_TOKEN,10,1,missing '}' at '<EOF>',<EOF>,},1,0,0,0,1,0,1,0,0,0,0,0,0.01,0.005,0.0033333333333333335,0.2,0.07333333333333333,1.0,0.0,0.0,0.0,0.0,0.0,0.0,1.0,0.0,0.0,0.0,0.0,0.0,0.0,0.0,0.0,0.0,0.0,0.0,0.0
ADD_CLOSING_BRACE,C,samples/c/while.c,SYNTAX,MISSING_TOKEN,10,0,missing '}' at '<EOF>',<EOF>,,1,0,0,0,1,0,1,0,0,0,0,0,0.01,0.0,0.0,0.2,0.07333333333333333,0.0,0.0,0.0,0.0,0.0,0.0,0.0,1.0,0.0,0.0,0.0,0.0,0.0,0.0,0.0,0.0,0.0,0.0,0.0,0.0
ADD_CLOSING_BRACE,CPP,samples/cpp/Hello.cpp,SYNTAX,NO_VIABLE_ALT,5,4,no viable alternative at input '<<endlreturn',return,    return 0;,0,1,0,0,1,0,0,0,0,1,0,0,0.005,0.02,0.043333333333333335,0.1,0.15,0.0,0.0,1.0,0.0,0.0,1.0,0.0,0.0,0.0,0.0,0.0,1.0,0.0,0.0,0.0,0.0,0.0,0.0,0.0,0.5
ADD_CLOSING_BRACE,CPP,samples/cpp/Hello.cpp,SYNTAX,MISSING_TOKEN,5,4,missing ';' at 'return',return,    return 0;,0,1,0,0,1,0,1,0,0,0,0,0,0.005,0.02,0.043333333333333335,0.2,0.07666666666666666,0.0,0.0,1.0,0.0,0.0,1.0,0.0,0.0,0.0,0.0,0.0,1.0,0.0,0.0,0.0,0.0,0.0,0.0,0.0,0.5
ADD_CLOSING_BRACE,CPP,samples/cpp/Hello.cpp,SYNTAX,EXTRANEOUS_TOKEN,6,0,"extraneous input '<EOF>' expecting {'(', '{', '}', '[', '!', '++', '--', '+', '-', '*', '&', '~', 'class', 'struct', 'union', 'enum', 'operator', 'virtual', 'override', 'final', 'explicit', 'inline', 'static', 'extern', 'const', 'constexpr', 'volatile', 'mutable', 'register', 'auto', 'new', 'delete', 'this', 'nullptr', 'sizeof', 'throw', 'try', 'int', 'float', 'double', 'char', 'void', 'bool', 'short', 'long', 'unsigned', 'signed', 'wchar_t', 'string', 'if', 'while', 'do', 'for', 'switch', 'break', 'continue', 'goto', 'return', 'cout', 'cin', 'endl', 'NULL', 'true', 'false', HEX_NUMBER, OCTAL_NUMBER, FLOAT_NUMBER, NUMBER, CHAR_LITERAL, STRING, IDENTIFIER}",<EOF>,,0,1,0,0,1,0,0,1,0,0,0,0,0.006,0.0,0.0,1.0,1.0,0.0,0.0,0.0,0.0,0.0,0.0,1.0,1.0,1.0,0.0,1.0,1.0,1.0,1.0,1.0,1.0,1.0,1.0,1.0,0.5
REMOVE_EXTRA_SEMICOLON,CPP,samples/cpp/Hello.cpp,SYNTAX,NO_VIABLE_ALT,5,4,no viable alternative at input '<<endlreturn',return,    return 0;,0,1,0,0,1,0,0,0,0,1,0,0,0.005,0.02,0.043333333333333335,0.1,0.15,0.0,0.0,1.0,0.0,0.0,1.0,0.0,0.0,0.0,0.0,0.0,1.0,0.0,0.0,0.0,0.0,0.0,0.0,0.0,0.5
REMOVE_EXTRA_SEMICOLON,CPP,samples/cpp/Hello.cpp,SYNTAX,MISSING_TOKEN,5,4,missing ';' at 'return',return,    return 0;,0,1,0,0,1,0,1,0,0,0,0,0,0.005,0.02,0.043333333333333335,0.2,0.07666666666666666,0.0,0.0,1.0,0.0,0.0,1.0,0.0,0.0,0.0,0.0,0.0,1.0,0.0,0.0,0.0,0.0,0.0,0.0,0.0,0.5
REMOVE_EXTRA_SEMICOLON,CPP,samples/cpp/Hello.cpp,SYNTAX,EXTRANEOUS_TOKEN,6,1,"extraneous input ';' expecting {<EOF>, '#', 'class', 'struct', 'union', 'enum', 'namespace', 'using', 'template', 'operator', 'virtual', 'override', 'final', 'explicit', 'friend', 'inline', 'static', 'extern', 'const', 'constexpr', 'volatile', 'mutable', 'register', 'auto', 'typedef', 'new', 'delete', 'int', 'float', 'double', 'char', 'void', 'bool', 'short', 'long', 'unsigned', 'signed', 'wchar_t', 'string', IDENTIFIER}",;,};,0,1,0,0,1,0,0,1,0,0,0,0,0.006,0.005,0.006666666666666667,1.0,1.0,1.0,0.0,1.0,0.0,0.0,1.0,1.0,1.0,0.0,0.0,1.0,0.0,1.0,1.0,1.0,1.0,0.0,0.0,1.0,0.5
ADD_CLOSING_BRACE,CPP,samples/cpp/Hello.cpp,SYNTAX,NO_VIABLE_ALT,5,4,no viable alternative at input '<<endlreturn',return,    return 0;,0,1,0,0,1,0,0,0,0,1,0,0,0.005,0.02,0.043333333333333335,0.1,0.15,0.0,0.0,1.0,0.0,0.0,1.0,0.0,0.0,0.0,0.0,0.0,1.0,0.0,0.0,0.0,0.0,0.0,0.0,0.0,0.5
ADD_CLOSING_BRACE,CPP,samples/cpp/Hello.cpp,SYNTAX,MISSING_TOKEN,5,4,missing ';' at 'return',return,    return 0;,0,1,0,0,1,0,1,0,0,0,0,0,0.005,0.02,0.043333333333333335,0.2,0.07666666666666666,0.0,0.0,1.0,0.0,0.0,1.0,0.0,0.0,0.0,0.0,0.0,1.0,0.0,0.0,0.0,0.0,0.0,0.0,0.0,0.5
ADD_CLOSING_BRACE,CPP,samples/cpp/Hello.cpp,SYNTAX,MISSING_TOKEN,6,0,missing '}' at '<EOF>',<EOF>,,0,1,0,0,1,0,1,0,0,0,0,0,0.006,0.0,0.0,0.2,0.07333333333333333,0.0,0.0,0.0,0.0,0.0,0.0,0.0,1.0,0.0,0.0,0.0,0.0,0.0,0.0,0.0,0.0,0.0,0.0,0.0,0.5
ADD_CLOSING_BRACE,CPP,samples/cpp/Hello.cpp,SYNTAX,NO_VIABLE_ALT,5,4,no viable alternative at input '<<endlreturn',return,    return 0;,0,1,0,0,1,0,0,0,0,1,0,0,0.005,0.02,0.043333333333333335,0.1,0.15,0.0,0.0,1.0,0.0,0.0,1.0,0.0,0.0,0.0,0.0,0.0,1.0,0.0,0.0,0.0,0.0,0.0,0.0,0.0,0.5
ADD_CLOSING_BRACE,CPP,samples/cpp/Hello.cpp,SYNTAX,MISSING_TOKEN,5,4,missing ';' at 'return',return,    return 0;,0,1,0,0,1,0,1,0,0,0,0,0,0.005,0.02,0.043333333333333335,0.2,0.07666666666666666,0.0,0.0,1.0,0.0,0.0,1.0,0.0,0.0,0.0,0.0,0.0,1.0,0.0,0.0,0.0,0.0,0.0,0.0,0.0,0.5
ADD_CLOSING_BRACE,CPP,samples/cpp/Hello.cpp,SYNTAX,MISSING_TOKEN,6,0,missing '}' at '<EOF>',<EOF>,,0,1,0,0,1,0,1,0,0,0,0,0,0.006,0.0,0.0,0.2,0.07333333333333333,0.0,0.0,0.0,0.0,0.0,0.0,0.0,1.0,0.0,0.0,0.0,0.0,0.0,0.0,0.0,0.0,0.0,0.0,0.0,0.5
NO_ERROR,CPP,samples/cpp/animal.cpp,NONE,OTHER,0,0,,,,0,1,0,0,0,1,0,0,0,0,0,1,0.0,0.0,0.0,0.0,0.0,0.0,0.0,0.0,0.0,0.0,0.0,0.0,0.0,0.0,0.0,0.0,0.0,0.0,0.0,0.0,0.0,0.0,0.0,0.0,0.5
REMOVE_EXTRA_SEMICOLON,CPP,samples/cpp/animal.cpp,SYNTAX,EXTRANEOUS_TOKEN,21,5,"extraneous input ';' expecting {'}', '~', 'class', 'struct', 'union', 'enum', 'using', 'operator', 'public', 'private', 'protected', 'virtual', 'override', 'final', 'explicit', 'friend', 'inline', 'static', 'extern', 'const', 'constexpr', 'volatile', 'mutable', 'register', 'auto', 'new', 'delete', 'int', 'float', 'double', 'char', 'void', 'bool', 'short', 'long', 'unsigned', 'signed', 'wchar_t', 'string', IDENTIFIER}",;,    };,0,1,0,0,1,0,0,1,0,0,0,0,0.021,0.025,0.02,1.0,1.0,1.0,0.0,1.0,0.0,0.0,1.0,1.0,1.0,0.0,0.0,1.0,0.0,1.0,1.0,1.0,1.0,0.0,0.0,1.0,0.5
ADD_CLOSING_BRACE,CPP,samples/cpp/animal.cpp,SYNTAX,MISMATCHED_TOKEN,27,17,"mismatched input '{' expecting {';', ','}",{,    void speak() {,0,1,0,0,1,0,0,0,1,0,0,0,0.027,0.085,0.06,0.3,0.13666666666666666,1.0,0.0,0.0,0.0,0.0,1.0,1.0,1.0,1.0,1.0,0.0,0.0,0.0,1.0,0.0,0.0,0.0,0.0,0.0,0.5
ADD_CLOSING_BRACE,CPP,samples/cpp/animal.cpp,SYNTAX,EXTRANEOUS_TOKEN,30,1,"extraneous input ';' expecting {<EOF>, '#', '}', '~', 'class', 'struct', 'union', 'enum', 'namespace', 'using', 'template', 'operator', 'public', 'private', 'protected', 'virtual', 'override', 'final', 'explicit', 'friend', 'inline', 'static', 'extern', 'const', 'constexpr', 'volatile', 'mutable', 'register', 'auto', 'typedef', 'new', 'delete', 'int', 'float', 'double', 'char', 'void', 'bool', 'short', 'long', 'unsigned', 'signed', 'wchar_t', 'string', IDENTIFIER}",;,};,0,1,0,0,1,0,0,1,0,0,0,0,0.03,0.005,0.006666666666666667,1.0,1.0,1.0,0.0,1.0,0.0,0.0,1.0,1.0,1.0,0.0,0.0,1.0,0.0,1.0,1.0,1.0,1.0,0.0,0.0,1.0,0.5
ADD_CLOSING_BRACE,CPP,samples/cpp/animal.cpp,SYNTAX,MISSING_TOKEN,38,1,missing '}' at '<EOF>',<EOF>,},0,1,0,0,1,0,1,0,0,0,0,0,0.038,0.005,0.0033333333333333335,0.2,0.07333333333333333,1.0,0.0,0.0,0.0,0.0,0.0,0.0,1.0,0.0,0.0,0.0,0.0,0.0,0.0,0.0,0.0,0.0,0.0,0.0,0.5
ADD_SEMICOLON,CPP,samples/cpp/animal.cpp,SYNTAX,NO_VIABLE_ALT,7,4,no viable alternative at input 'stringnameint',int,    int age;,0,1,0,0,1,0,0,0,0,1,0,0,0.007,0.02,0.04,0.1,0.15333333333333332,0.0,0.0,1.0,0.0,0.0,1.0,0.0,0.0,0.0,0.0,0.0,0.0,1.0,0.0,0.0,0.0,0.0,0.0,1.0,0.5
REMOVE_EXTRA_SEMICOLON,CPP,samples/cpp/animal.cpp,SYNTAX,EXTRANEOUS_TOKEN,32,12,"extraneous input ';' expecting {'(', '{', '}', '[', '!', '++', '--', '+', '-', '*', '&', '~', 'class', 'struct', 'union', 'enum', 'operator', 'virtual', 'override', 'final', 'explicit', 'inline', 'static', 'extern', 'const', 'constexpr', 'volatile', 'mutable', 'register', 'auto', 'new', 'delete', 'this', 'nullptr', 'sizeof', 'throw', 'try', 'int', 'float', 'double', 'char', 'void', 'bool', 'short', 'long', 'unsigned', 'signed', 'wchar_t', 'string', 'if', 'while', 'do', 'for', 'switch', 'break', 'continue', 'goto', 'return', 'cout', 'cin', 'endl', 'NULL', 'true', 'false', HEX_NUMBER, OCTAL_NUMBER, FLOAT_NUMBER, NUMBER, CHAR_LITERAL, STRING, IDENTIFIER}",;,int main() {;,0,1,0,0,1,0,0,1,0,0,0,0,0.032,0.06,0.043333333333333335,1.0,1.0,1.0,0.0,1.0,1.0,0.0,1.0,1.0,1.0,1.0,1.0,1.0,1.0,1.0,1.0,1.0,1.0,1.0,1.0,1.0,0.5
NO_ERROR,CPP,samples/cpp/arrays.cpp,NONE,OTHER,0,0,,,,0,1,0,0,0,1,0,0,0,0,0,1,0.0,0.0,0.0,0.0,0.0,0.0,0.0,0.0,0.0,0.0,0.0,0.0,0.0,0.0,0.0,0.0,0.0,0.0,0.0,0.0,0.0,0.0,0.0,0.0,0.5
ADD_SEMICOLON,CPP,samples/cpp/arrays.cpp,SYNTAX,MISSING_TOKEN,24,26,missing ';' at 'row',row,    for (row = 0; row < 3 row++) {,0,1,0,0,1,0,1,0,0,0,0,0,0.024,0.13,0.11333333333333333,0.2,0.06666666666666667,1.0,0.0,1.0,0.0,0.0,1.0,1.0,0.0,1.0,1.0,0.0,0.0,0.0,0.0,0.0,0.0,0.0,1.0,0.0,0.5
ADD_SEMICOLON,CPP,samples/cpp/arrays.cpp,SYNTAX,MISMATCHED_TOKEN,7,4,"mismatched input 'for' expecting {';', ','}",for,    for (i = 0; i < 5; i++) {,0,1,0,0,1,0,0,0,1,0,0,0,0.007,0.02,0.09666666666666666,0.3,0.14333333333333334,1.0,0.0,1.0,0.0,0.0,1.0,1.0,1.0,1.0,1.0,0.0,0.0,0.0,0.0,0.0,0.0,0.0,1.0,0.0,0.5
FIX_TYPO_RETURN,CPP,samples/cpp/arrays.cpp,SYNTAX,NO_VIABLE_ALT,31,10,no viable alternative at input 'retun0',0,    retun 0;,0,1,0,0,1,0,0,0,0,1,0,0,0.031,0.05,0.04,0.1,0.13,0.0,0.0,1.0,0.0,0.0,1.0,0.0,0.0,0.0,0.0,0.0,0.0,0.0,0.0,0.0,0.0,0.0,0.0,0.0,0.5
REMOVE_EXTRA_SEMICOLON,CPP,samples/cpp/arrays.cpp,SYNTAX,EXTRANEOUS_TOKEN,24,35,"extraneous input ';' expecting {'(', '{', '}', '[', '!', '++', '--', '+', '-', '*', '&', '~', 'class', 'struct', 'union', 'enum', 'operator', 'virtual', 'override', 'final', 'explicit', 'inline', 'static', 'extern', 'const', 'constexpr', 'volatile', 'mutable', 'register', 'auto', 'new', 'delete', 'this', 'nullptr', 'sizeof', 'throw', 'try', 'int', 'float', 'double', 'char', 'void', 'bool', 'short', 'long', 'unsigned', 'signed', 'wchar_t', 'string', 'if', 'while', 'do', 'for', 'switch', 'break', 'continue', 'goto', 'return', 'cout', 'cin', 'endl', 'NULL', 'true', 'false', HEX_NUMBER, OCTAL_NUMBER, FLOAT_NUMBER, NUMBER, CHAR_LITERAL, STRING, IDENTIFIER}",;,    for (row = 0; row < 3; row++) {;,0,1,0,0,1,0,0,1,0,0,0,0,0.024,0.175,0.12,1.0,1.0,1.0,0.0,1.0,0.0,0.0,1.0,1.0,1.0,1.0,1.0,1.0,1.0,1.0,1.0,1.0,1.0,1.0,1.0,1.0,0.5
NO_ERROR,CPP,samples/cpp/enums.cpp,NONE,OTHER,0,0,,,,0,1,0,0,0,1,0,0,0,0,0,1,0.0,0.0,0.0,0.0,0.0,0.0,0.0,0.0,0.0,0.0,0.0,0.0,0.0,0.0,0.0,0.0,0.0,0.0,0.0,0.0,0.0,0.0,0.0,0.0,0.5
REMOVE_EXTRA_SEMICOLON,CPP,samples/cpp/enums.cpp,SYNTAX,EXTRANEOUS_TOKEN,1,19,"extraneous input ';' expecting {<EOF>, '#', 'class', 'struct', 'union', 'enum', 'namespace', 'using', 'template', 'operator', 'virtual', 'override', 'final', 'explicit', 'friend', 'inline', 'static', 'extern', 'const', 'constexpr', 'volatile', 'mutable', 'register', 'auto', 'typedef', 'new', 'delete', 'int', 'float', 'double', 'char', 'void', 'bool', 'short', 'long', 'unsigned', 'signed', 'wchar_t', 'string', IDENTIFIER}",;,#include <iostream>;,0,1,0,0,1,0,0,1,0,0,0,0,0.001,0.095,0.06666666666666667,1.0,1.0,0.0,0.0,1.0,0.0,0.0,1.0,1.0,1.0,0.0,0.0,1.0,0.0,1.0,1.0,1.0,1.0,0.0,0.0,1.0,0.5
FIX_TYPO_CLASS,CPP,samples/cpp/enums.cpp,SYNTAX,NO_VIABLE_ALT,10,20,no viable alternative at input 'enumclasDirection{',{,enum clas Direction {,0,1,0,0,1,0,0,0,0,1,0,0,0.01,0.1,0.07,0.1,0.17,1.0,0.0,0.0,0.0,0.0,0.0,1.0,0.0,0.0,0.0,0.0,0.0,0.0,0.0,0.0,0.0,0.0,0.0,0.0,0.5
REMOVE_EXTRA_SEMICOLON,CPP,samples/cpp/enums.cpp,SYNTAX,EXTRANEOUS_TOKEN,27,32,"extraneous input ';' expecting {'(', '{', '}', '[', '!', '++', '--', '+', '-', '*', '&', '~', 'class', 'struct', 'union', 'enum', 'operator', 'virtual', 'override', 'final', 'explicit', 'inline', 'static', 'extern', 'const', 'constexpr', 'volatile', 'mutable', 'register', 'auto', 'new', 'delete', 'this', 'nullptr', 'sizeof', 'throw', 'try', 'int', 'float', 'double', 'char', 'void', 'bool', 'short', 'long', 'unsigned', 'signed', 'wchar_t', 'string', 'if', 'while', 'do', 'for', 'switch', 'break', 'continue', 'goto', 'return', 'cout', 'cin', 'endl', 'NULL', 'true', 'false', HEX_NUMBER, OCTAL_NUMBER, FLOAT_NUMBER, NUMBER, CHAR_LITERAL, STRING, IDENTIFIER}",;,    if (d == Direction::NORTH) {;,0,1,0,0,1,0,0,1,0,0,0,0,0.027,0.16,0.11,1.0,1.0,1.0,0.0,1.0,0.0,0.0,1.0,1.0,1.0,1.0,1.0,1.0,1.0,1.0,1.0,1.0,1.0,1.0,1.0,1.0,0.5
REMOVE_EXTRA_SEMICOLON,CPP,samples/cpp/enums.cpp,SYNTAX,EXTRANEOUS_TOKEN,36,13,"extraneous input ';' expecting {<EOF>, '#', '(', '{', '}', '[', '!', '++', '--', '+', '-', '*', '&', '~', 'class', 'struct', 'union', 'enum', 'namespace', 'using', 'template', 'operator', 'virtual', 'override', 'final', 'explicit', 'friend', 'inline', 'static', 'extern', 'const', 'constexpr', 'volatile', 'mutable', 'register', 'auto', 'typedef', 'new', 'delete', 'this', 'nullptr', 'sizeof', 'throw', 'try', 'int', 'float', 'double', 'char', 'void', 'bool', 'short', 'long', 'unsigned', 'signed', 'wchar_t', 'string', 'if', 'while', 'do', 'for', 'switch', 'break', 'continue', 'goto', 'return', 'cout', 'cin', 'endl', 'NULL', 'true', 'false', HEX_NUMBER, OCTAL_NUMBER, FLOAT_NUMBER, NUMBER, CHAR_LITERAL, STRING, IDENTIFIER}",;,    return 0;;,0,1,0,0,1,0,0,1,0,0,0,0,0.036,0.065,0.04666666666666667,1.0,1.0,0.0,0.0,1.0,0.0,0.0,1.0,1.0,1.0,1.0,0.0,1.0,1.0,1.0,1.0,1.0,1.0,1.0,1.0,1.0,0.5
FIX_TYPO_RETURN,CPP,samples/cpp/exceptions.cpp,SYNTAX,MISMATCHED_TOKEN,8,12,"mismatched input '/' expecting {';', ','}",/,    retun a / b;,0,1,0,0,1,0,0,0,1,0,0,0,0.008,0.06,0.05333333333333334,0.3,0.13666666666666666,0.0,0.0,1.0,0.0,0.0,1.0,1.0,1.0,0.0,0.0,0.0,0.0,0.0,0.0,0.0,0.0,0.0,0.0,0.0,0.5
FIX_TYPO_RETURN,CPP,samples/cpp/exceptions.cpp,SYNTAX,NO_VIABLE_ALT,32,2,no viable alternative at input 'e',<EOF>,}e,0,1,0,0,1,0,0,0,0,1,0,0,0.032,0.01,0.006666666666666667,0.1,0.11333333333333333,1.0,0.0,0.0,0.0,0.0,0.0,0.0,1.0,0.0,0.0,0.0,0.0,0.0,0.0,0.0,0.0,0.0,0.0,0.0,0.5
ADD_CLOSING_BRACE,CPP,samples/cpp/exceptions.cpp,SYNTAX,NO_VIABLE_ALT,32,2,no viable alternative at input 'e',<EOF>,}e,0,1,0,0,1,0,0,0,0,1,0,0,0.032,0.01,0.006666666666666667,0.1,0.11333333333333333,1.0,0.0,0.0,0.0,0.0,0.0,0.0,1.0,0.0,0.0,0.0,0.0,0.0,0.0,0.0,0.0,0.0,0.0,0.0,0.5
FIX_TYPO_RETURN,CPP,samples/cpp/exceptions.cpp,SYNTAX,MISMATCHED_TOKEN,8,12,"mismatched input '/' expecting {';', ','}",/,    retun a / b;,0,1,0,0,1,0,0,0,1,0,0,0,0.008,0.06,0.05333333333333334,0.3,0.13666666666666666,0.0,0.0,1.0,0.0,0.0,1.0,1.0,1.0,0.0,0.0,0.0,0.0,0.0,0.0,0.0,0.0,0.0,0.0,0.0,0.5
FIX_TYPO_RETURN,CPP,samples/cpp/exceptions.cpp,SYNTAX,NO_VIABLE_ALT,32,2,no viable alternative at input 'e',<EOF>,}e,0,1,0,0,1,0,0,0,0,1,0,0,0.032,0.01,0.006666666666666667,0.1,0.11333333333333333,1.0,0.0,0.0,0.0,0.0,0.0,0.0,1.0,0.0,0.0,0.0,0.0,0.0,0.0,0.0,0.0,0.0,0.0,0.0,0.5
ADD_SEMICOLON,CPP,samples/cpp/exceptions.cpp,SYNTAX,MISMATCHED_TOKEN,23,8,"mismatched input 'arr' expecting {';', ','}",arr,        arr[0] = 1;,0,1,0,0,1,0,0,0,1,0,0,0,0.023,0.04,0.06333333333333334,0.3,0.14333333333333334,0.0,0.0,1.0,0.0,0.0,1.0,1.0,1.0,0.0,0.0,0.0,0.0,0.0,0.0,0.0,0.0,0.0,0.0,0.0,0.5
ADD_SEMICOLON,CPP,samples/cpp/exceptions.cpp,SYNTAX,NO_VIABLE_ALT,32,2,no viable alternative at input 'e',<EOF>,}e,0,1,0,0,1,0,0,0,0,1,0,0,0.032,0.01,0.006666666666666667,0.1,0.11333333333333333,1.0,0.0,0.0,0.0,0.0,0.0,0.0,1.0,0.0,0.0,0.0,0.0,0.0,0.0,0.0,0.0,0.0,0.0,0.0,0.5
NO_ERROR,CPP,samples/cpp/functions.cpp,NONE,OTHER,0,0,,,,0,1,0,0,0,1,0,0,0,0,0,1,0.0,0.0,0.0,0.0,0.0,0.0,0.0,0.0,0.0,0.0,0.0,0.0,0.0,0.0,0.0,0.0,0.0,0.0,0.0,0.0,0.0,0.0,0.0,0.0,0.5
REMOVE_EXTRA_SEMICOLON,CPP,samples/cpp/functions.cpp,SYNTAX,EXTRANEOUS_TOKEN,33,30,"extraneous input ';' expecting {<EOF>, '#', '(', '{', '}', '[', '!', '++', '--', '+', '-', '*', '&', '~', 'class', 'struct', 'union', 'enum', 'namespace', 'using', 'template', 'operator', 'virtual', 'override', 'final', 'explicit', 'friend', 'inline', 'static', 'extern', 'const', 'constexpr', 'volatile', 'mutable', 'register', 'auto', 'typedef', 'new', 'delete', 'this', 'nullptr', 'sizeof', 'throw', 'try', 'int', 'float', 'double', 'char', 'void', 'bool', 'short', 'long', 'unsigned', 'signed', 'wchar_t', 'string', 'if', 'while', 'do', 'for', 'switch', 'break', 'continue', 'goto', 'return', 'cout', 'cin', 'endl', 'NULL', 'true', 'false', HEX_NUMBER, OCTAL_NUMBER, FLOAT_NUMBER, NUMBER, CHAR_LITERAL, STRING, IDENTIFIER}",;,"    cout << add(2, 3) << endl;;",0,1,0,0,1,0,0,1,0,0,0,0,0.033,0.15,0.10333333333333333,1.0,1.0,0.0,0.0,1.0,0.0,0.0,1.0,1.0,1.0,1.0,1.0,1.0,1.0,1.0,1.0,1.0,1.0,1.0,1.0,1.0,0.5
FIX_TYPO_RETURN,CPP,samples/cpp/functions.cpp,SYNTAX,NO_VIABLE_ALT,6,14,no viable alternative at input 'retun1',1,        retun 1;,0,1,0,0,1,0,0,0,0,1,0,0,0.006,0.07,0.05333333333333334,0.1,0.13,0.0,0.0,1.0,0.0,0.0,1.0,0.0,0.0,0.0,0.0,0.0,0.0,0.0,0.0,0.0,0.0,0.0,0.0,0.0,0.5
ADD_SEMICOLON,CPP,samples/cpp/functions.cpp,SYNTAX,MISSING_TOKEN,9,0,missing ';' at '}',},},0,1,0,0,1,0,1,0,0,0,0,0,0.009,0.0,0.0033333333333333335,0.2,0.06,1.0,0.0,0.0,0.0,0.0,1.0,0.0,1.0,0.0,0.0,0.0,0.0,0.0,0.0,0.0,0.0,0.0,0.0,0.0,0.5
FIX_TYPO_RETURN,CPP,samples/cpp/functions.cpp,SYNTAX,NO_VIABLE_ALT,6,14,no viable alternative at input 'retun1',1,        retun 1;,0,1,0,0,1,0,0,0,0,1,0,0,0.006,0.07,0.05333333333333334,0.1,0.13,0.0,0.0,1.0,0.0,0.0,1.0,0.0,0.0,0.0,0.0,0.0,0.0,0.0,0.0,0.0,0.0,0.0,0.0,0.0,0.5
NO_ERROR,CPP,samples/cpp/loops.cpp,NONE,OTHER,0,0,,,,0,1,0,0,0,1,0,0,0,0,0,1,0.0,0.0,0.0,0.0,0.0,0.0,0.0,0.0,0.0,0.0,0.0,0.0,0.0,0.0,0.0,0.0,0.0,0.0,0.0,0.0,0.0,0.0,0.0,0.0,0.5
FIX_TYPO_RETURN,CPP,samples/cpp/loops.cpp,SYNTAX,NO_VIABLE_ALT,50,10,no viable alternative at input 'retun0',0,    retun 0;,0,1,0,0,1,0,0,0,0,1,0,0,0.05,0.05,0.04,0.1,0.13,0.0,0.0,1.0,0.0,0.0,1.0,0.0,0.0,0.0,0.0,0.0,0.0,0.0,0.0,0.0,0.0,0.0,0.0,0.0,0.5
REMOVE_EXTRA_SEMICOLON,CPP,samples/cpp/loops.cpp,SYNTAX,EXTRANEOUS_TOKEN,2,20,"extraneous input ';' expecting {<EOF>, '#', 'class', 'struct', 'union', 'enum', 'namespace', 'using', 'template', 'operator', 'virtual', 'override', 'final', 'explicit', 'friend', 'inline', 'static', 'extern', 'const', 'constexpr', 'volatile', 'mutable', 'register', 'auto', 'typedef', 'new', 'delete', 'int', 'float', 'double', 'char', 'void', 'bool', 'short', 'long', 'unsigned', 'signed', 'wchar_t', 'string', IDENTIFIER}",;,using namespace std;;,0,1,0,0,1,0,0,1,0,0,0,0,0.002,0.1,0.07,1.0,1.0,0.0,0.0,1.0,0.0,0.0,1.0,1.0,1.0,0.0,0.0,1.0,0.0,1.0,1.0,1.0,1.0,0.0,0.0,1.0,0.5
FIX_TYPO_RETURN,CPP,samples/cpp/loops.cpp,SYNTAX,NO_VIABLE_ALT,50,10,no viable alternative at input 'retun0',0,    retun 0;,0,1,0,0,1,0,0,0,0,1,0,0,0.05,0.05,0.04,0.1,0.13,0.0,0.0,1.0,0.0,0.0,1.0,0.0,0.0,0.0,0.0,0.0,0.0,0.0,0.0,0.0,0.0,0.0,0.0,0.0,0.5
ADD_SEMICOLON,CPP,samples/cpp/loops.cpp,SYNTAX,NO_VIABLE_ALT,48,4,no viable alternative at input '<<endl}',},    },0,1,0,0,1,0,0,0,0,1,0,0,0.048,0.02,0.016666666666666666,0.1,0.13333333333333333,1.0,0.0,0.0,0.0,0.0,0.0,0.0,1.0,0.0,0.0,0.0,0.0,0.0,0.0,0.0,0.0,0.0,0.0,0.0,0.5
ADD_SEMICOLON,CPP,samples/cpp/loops.cpp,SYNTAX,MISSING_TOKEN,48,4,missing ';' at '}',},    },0,1,0,0,1,0,1,0,0,0,0,0,0.048,0.02,0.016666666666666666,0.2,0.06,1.0,0.0,0.0,0.0,0.0,1.0,0.0,1.0,0.0,0.0,0.0,0.0,0.0,0.0,0.0,0.0,0.0,0.0,0.0,0.5
NO_ERROR,CPP,samples/cpp/pointers.cpp,NONE,OTHER,0,0,,,,0,1,0,0,0,1,0,0,0,0,0,1,0.0,0.0,0.0,0.0,0.0,0.0,0.0,0.0,0.0,0.0,0.0,0.0,0.0,0.0,0.0,0.0,0.0,0.0,0.0,0.0,0.0,0.0,0.0,0.0,0.5
REMOVE_EXTRA_SEMICOLON,CPP,samples/cpp/pointers.cpp,SYNTAX,EXTRANEOUS_TOKEN,4,26,"extraneous input ';' expecting {'(', '{', '}', '[', '!', '++', '--', '+', '-', '*', '&', '~', 'class', 'struct', 'union', 'enum', 'operator', 'virtual', 'override', 'final', 'explicit', 'inline', 'static', 'extern', 'const', 'constexpr', 'volatile', 'mutable', 'register', 'auto', 'new', 'delete', 'this', 'nullptr', 'sizeof', 'throw', 'try', 'int', 'float', 'double', 'char', 'void', 'bool', 'short', 'long', 'unsigned', 'signed', 'wchar_t', 'string', 'if', 'while', 'do', 'for', 'switch', 'break', 'continue', 'goto', 'return', 'cout', 'cin', 'endl', 'NULL', 'true', 'false', HEX_NUMBER, OCTAL_NUMBER, FLOAT_NUMBER, NUMBER, CHAR_LITERAL, STRING, IDENTIFIER}",;,void increment(int* ptr) {;,0,1,0,0,1,0,0,1,0,0,0,0,0.004,0.13,0.09,1.0,1.0,1.0,0.0,1.0,0.0,0.0,1.0,1.0,1.0,1.0,1.0,1.0,1.0,1.0,1.0,1.0,1.0,1.0,1.0,1.0,0.5
ADD_SEMICOLON,CPP,samples/cpp/pointers.cpp,SYNTAX,MISMATCHED_TOKEN,14,4,"mismatched input 'int' expecting {';', ','}",int,    int* ptr = &x;,0,1,0,0,1,0,0,0,1,0,0,0,0.014,0.02,0.06,0.3,0.14333333333333334,0.0,0.0,1.0,0.0,0.0,1.0,1.0,1.0,0.0,0.0,0.0,0.0,1.0,0.0,0.0,0.0,0.0,0.0,0.0,0.5
ADD_SEMICOLON,CPP,samples/cpp/pointers.cpp,SYNTAX,NO_VIABLE_ALT,31,4,no viable alternative at input 'arr[1]=2arr',arr,    arr[2] = 3;,0,1,0,0,1,0,0,0,0,1,0,0,0.031,0.02,0.05,0.1,0.14666666666666667,0.0,0.0,1.0,0.0,0.0,1.0,0.0,0.0,0.0,0.0,0.0,0.0,0.0,0.0,0.0,0.0,0.0,0.0,0.0,0.5
ADD_SEMICOLON,CPP,samples/cpp/pointers.cpp,SYNTAX,MISMATCHED_TOKEN,30,9,mismatched input ']' expecting ';',],    arr[1] = 2,0,1,0,0,1,0,0,0,1,0,0,0,0.03,0.045,0.04666666666666667,0.2,0.11333333333333333,0.0,0.0,0.0,0.0,0.0,1.0,0.0,0.0,0.0,0.0,0.0,0.0,0.0,0.0,0.0,0.0,0.0,0.0,0.0,0.5
ADD_SEMICOLON,CPP,samples/cpp/pointers.cpp,SYNTAX,MISSING_TOKEN,31,4,missing ';' at 'arr',arr,    arr[2] = 3;,0,1,0,0,1,0,1,0,0,0,0,0,0.031,0.02,0.05,0.2,0.06666666666666667,0.0,0.0,1.0,0.0,0.0,1.0,0.0,0.0,0.0,0.0,0.0,0.0,0.0,0.0,0.0,0.0,0.0,0.0,0.0,0.5
FIX_TYPO_VOID,CPP,samples/cpp/pointers.cpp,NONE,OTHER,0,0,,,,0,1,0,0,0,1,0,0,0,0,0,1,0.0,0.0,0.0,0.0,0.0,0.0,0.0,0.0,0.0,0.0,0.0,0.0,0.0,0.0,0.0,0.0,0.0,0.0,0.0,0.0,0.0,0.0,0.0,0.0,0.5
NO_ERROR,CPP,samples/cpp/shapes.cpp,NONE,OTHER,0,0,,,,0,1,0,0,0,1,0,0,0,0,0,1,0.0,0.0,0.0,0.0,0.0,0.0,0.0,0.0,0.0,0.0,0.0,0.0,0.0,0.0,0.0,0.0,0.0,0.0,0.0,0.0,0.0,0.0,0.0,0.0,0.5
ADD_SEMICOLON,CPP,samples/cpp/shapes.cpp,NONE,OTHER,0,0,,,,0,1,0,0,0,1,0,0,0,0,0,1,0.0,0.0,0.0,0.0,0.0,0.0,0.0,0.0,0.0,0.0,0.0,0.0,0.0,0.0,0.0,0.0,0.0,0.0,0.0,0.0,0.0,0.0,0.0,0.0,0.5
ADD_CLOSING_BRACE,CPP,samples/cpp/shapes.cpp,SYNTAX,EXTRANEOUS_TOKEN,13,1,"extraneous input ';' expecting {<EOF>, '#', '}', '~', 'class', 'struct', 'union', 'enum', 'namespace', 'using', 'template', 'operator', 'public', 'private', 'protected', 'virtual', 'override', 'final', 'explicit', 'friend', 'inline', 'static', 'extern', 'const', 'constexpr', 'volatile', 'mutable', 'register', 'auto', 'typedef', 'new', 'delete', 'int', 'float', 'double', 'char', 'void', 'bool', 'short', 'long', 'unsigned', 'signed', 'wchar_t', 'string', IDENTIFIER}",;,};,0,1,0,0,1,0,0,1,0,0,0,0,0.013,0.005,0.006666666666666667,1.0,1.0,1.0,0.0,1.0,0.0,0.0,1.0,1.0,1.0,0.0,0.0,1.0,0.0,1.0,1.0,1.0,1.0,0.0,0.0,1.0,0.5
ADD_CLOSING_BRACE,CPP,samples/cpp/shapes.cpp,SYNTAX,MISSING_TOKEN,15,22,missing ':' at 'Shape',Shape,class Circle : public Shape {,0,1,0,0,1,0,1,0,0,0,0,0,0.015,0.11,0.09666666666666666,0.2,0.07333333333333333,1.0,0.0,0.0,0.0,0.0,0.0,1.0,0.0,0.0,0.0,0.0,0.0,0.0,0.0,1.0,0.0,0.0,0.0,0.0,0.5
FIX_TYPO_CLASS,CPP,samples/cpp/shapes.cpp,SYNTAX,NO_VIABLE_ALT,4,11,no viable alternative at input 'clasShape{',{,clas Shape {,0,1,0,0,1,0,0,0,0,1,0,0,0.004,0.055,0.04,0.1,0.14333333333333334,1.0,0.0,0.0,0.0,0.0,0.0,1.0,0.0,0.0,0.0,0.0,0.0,0.0,0.0,1.0,0.0,0.0,0.0,0.0,0.5
FIX_TYPO_CLASS,CPP,samples/cpp/shapes.cpp,SYNTAX,EXTRANEOUS_TOKEN,13,0,"extraneous input '}' expecting {<EOF>, '#', 'class', 'struct', 'union', 'enum', 'namespace', 'using', 'template', 'operator', 'virtual', 'override', 'final', 'explicit', 'friend', 'inline', 'static', 'extern', 'const', 'constexpr', 'volatile', 'mutable', 'register', 'auto', 'typedef', 'new', 'delete', 'int', 'float', 'double', 'char', 'void', 'bool', 'short', 'long', 'unsigned', 'signed', 'wchar_t', 'string', IDENTIFIER}",},};,0,1,0,0,1,0,0,1,0,0,0,0,0.013,0.0,0.006666666666666667,1.0,1.0,1.0,0.0,1.0,0.0,0.0,1.0,1.0,1.0,0.0,0.0,1.0,0.0,1.0,1.0,1.0,1.0,0.0,0.0,1.0,0.5
ADD_CLOSING_BRACE,CPP,samples/cpp/shapes.cpp,SYNTAX,EXTRANEOUS_TOKEN,43,1,"extraneous input ';' expecting {<EOF>, '#', '}', '~', 'class', 'struct', 'union', 'enum', 'namespace', 'using', 'template', 'operator', 'public', 'private', 'protected', 'virtual', 'override', 'final', 'explicit', 'friend', 'inline', 'static', 'extern', 'const', 'constexpr', 'volatile', 'mutable', 'register', 'auto', 'typedef', 'new', 'delete', 'int', 'float', 'double', 'char', 'void', 'bool', 'short', 'long', 'unsigned', 'signed', 'wchar_t', 'string', IDENTIFIER}",;,};,0,1,0,0,1,0,0,1,0,0,0,0,0.043,0.005,0.006666666666666667,1.0,1.0,1.0,0.0,1.0,0.0,0.0,1.0,1.0,1.0,0.0,0.0,1.0,0.0,1.0,1.0,1.0,1.0,0.0,0.0,1.0,0.5
ADD_CLOSING_BRACE,CPP,samples/cpp/shapes.cpp,SYNTAX,MISSING_TOKEN,51,1,missing '}' at '<EOF>',<EOF>,},0,1,0,0,1,0,1,0,0,0,0,0,0.051,0.005,0.0033333333333333335,0.2,0.07333333333333333,1.0,0.0,0.0,0.0,0.0,0.0,0.0,1.0,0.0,0.0,0.0,0.0,0.0,0.0,0.0,0.0,0.0,0.0,0.0,0.5
NO_ERROR,CPP,samples/cpp/struct.cpp,NONE,OTHER,0,0,,,,0,1,0,0,0,1,0,0,0,0,0,1,0.0,0.0,0.0,0.0,0.0,0.0,0.0,0.0,0.0,0.0,0.0,0.0,0.0,0.0,0.0,0.0,0.0,0.0,0.0,0.0,0.0,0.0,0.0,0.0,0.5
ADD_CLOSING_BRACE,CPP,samples/cpp/struct.cpp,SYNTAX,MISSING_TOKEN,38,0,missing '}' at '<EOF>',<EOF>,,0,1,0,0,1,0,1,0,0,0,0,0,0.038,0.0,0.0,0.2,0.07333333333333333,0.0,0.0,0.0,0.0,0.0,0.0,0.0,1.0,0.0,0.0,0.0,0.0,0.0,0.0,0.0,0.0,0.0,0.0,0.0,0.5
REMOVE_EXTRA_SEMICOLON,CPP,samples/cpp/struct.cpp,SYNTAX,EXTRANEOUS_TOKEN,19,47,"extraneous input ';' expecting {<EOF>, '#', '(', '{', '}', '[', '!', '++', '--', '+', '-', '*', '&', '~', 'class', 'struct', 'union', 'enum', 'namespace', 'using', 'template', 'operator', 'virtual', 'override', 'final', 'explicit', 'friend', 'inline', 'static', 'extern', 'const', 'constexpr', 'volatile', 'mutable', 'register', 'auto', 'typedef', 'new', 'delete', 'this', 'nullptr', 'sizeof', 'throw', 'try', 'int', 'float', 'double', 'char', 'void', 'bool', 'short', 'long', 'unsigned', 'signed', 'wchar_t', 'string', 'if', 'while', 'do', 'for', 'switch', 'break', 'continue', 'goto', 'return', 'cout', 'cin', 'endl', 'NULL', 'true', 'false', HEX_NUMBER, OCTAL_NUMBER, FLOAT_NUMBER, NUMBER, CHAR_LITERAL, STRING, IDENTIFIER}",;,        int height = bottomRight.y - topLeft.y;;,0,1,0,0,1,0,0,1,0,0,0,0,0.019,0.235,0.16,1.0,1.0,0.0,0.0,1.0,0.0,0.0,1.0,1.0,1.0,1.0,0.0,1.0,1.0,1.0,1.0,1.0,1.0,1.0,1.0,1.0,0.5
FIX_TYPO_VOID,CPP,samples/cpp/struct.cpp,NONE,OTHER,0,0,,,,0,1,0,0,0,1,0,0,0,0,0,1,0.0,0.0,0.0,0.0,0.0,0.0,0.0,0.0,0.0,0.0,0.0,0.0,0.0,0.0,0.0,0.0,0.0,0.0,0.0,0.0,0.0,0.0,0.0,0.0,0.5
ADD_CLOSING_BRACE,CPP,samples/cpp/struct.cpp,SYNTAX,EXTRANEOUS_TOKEN,11,1,"extraneous input ';' expecting {'}', '~', 'class', 'struct', 'union', 'enum', 'operator', 'public', 'private', 'protected', 'virtual', 'override', 'final', 'explicit', 'friend', 'inline', 'static', 'extern', 'const', 'constexpr', 'volatile', 'mutable', 'register', 'auto', 'new', 'delete', 'int', 'float', 'double', 'char', 'void', 'bool', 'short', 'long', 'unsigned', 'signed', 'wchar_t', 'string', IDENTIFIER}",;,};,0,1,0,0,1,0,0,1,0,0,0,0,0.011,0.005,0.006666666666666667,1.0,1.0,1.0,0.0,1.0,0.0,0.0,1.0,1.0,1.0,0.0,0.0,1.0,0.0,1.0,1.0,1.0,1.0,0.0,0.0,1.0,0.5
ADD_SEMICOLON,Java,samples/java/ArrayDemo.java,SYNTAX,MISMATCHED_TOKEN,4,8,"mismatched input 'for' expecting {';', ','}",for,        for (int i = 0; i < 5; i++) {,0,0,1,0,1,0,0,0,1,0,0,0,0.004,0.04,0.12333333333333334,0.3,0.14333333333333334,1.0,0.0,1.0,0.0,0.0,1.0,1.0,1.0,1.0,1.0,0.0,0.0,1.0,0.0,0.0,0.0,0.0,1.0,0.0,1.0
ADD_SEMICOLON,Java,samples/java/ArrayDemo.java,SYNTAX,MISSING_TOKEN,4,24,missing ';' at 'i',i,        for (int i = 0; i < 5; i++) {,0,0,1,0,1,0,1,0,0,0,0,0,0.004,0.12,0.12333333333333334,0.2,0.06,1.0,0.0,1.0,0.0,0.0,1.0,1.0,0.0,1.0,1.0,0.0,0.0,1.0,0.0,0.0,0.0,0.0,1.0,0.0,1.0
ADD_SEMICOLON,Java,samples/java/ArrayDemo.java,SYNTAX,MISSING_TOKEN,7,24,missing ';' at 'i',i,        for (int i = 0; i < 5; i++) {,0,0,1,0,1,0,1,0,0,0,0,0,0.007,0.12,0.12333333333333334,0.2,0.06,1.0,0.0,1.0,0.0,0.0,1.0,1.0,0.0,1.0,1.0,0.0,0.0,1.0,0.0,0.0,0.0,0.0,1.0,0.0,1.0
ADD_SEMICOLON,Java,samples/java/ArrayDemo.java,SYNTAX,MISMATCHED_TOKEN,4,8,"mismatched input 'for' expecting {';', ','}",for,        for (int i = 0; i < 5; i++) {,0,0,1,0,1,0,0,0,1,0,0,0,0.004,0.04,0.12333333333333334,0.3,0.14333333333333334,1.0,0.0,1.0,0.0,0.0,1.0,1.0,1.0,1.0,1.0,0.0,0.0,1.0,0.0,0.0,0.0,0.0,1.0,0.0,1.0
ADD_SEMICOLON,Java,samples/java/ArrayDemo.java,SYNTAX,MISSING_TOKEN,4,24,missing ';' at 'i',i,        for (int i = 0; i < 5; i++) {,0,0,1,0,1,0,1,0,0,0,0,0,0.004,0.12,0.12333333333333334,0.2,0.06,1.0,0.0,1.0,0.0,0.0,1.0,1.0,0.0,1.0,1.0,0.0,0.0,1.0,0.0,0.0,0.0,0.0,1.0,0.0,1.0
ADD_SEMICOLON,Java,samples/java/ArrayDemo.java,SYNTAX,MISSING_TOKEN,7,24,missing ';' at 'i',i,        for (int i = 0; i < 5; i++) {,0,0,1,0,1,0,1,0,0,0,0,0,0.007,0.12,0.12333333333333334,0.2,0.06,1.0,0.0,1.0,0.0,0.0,1.0,1.0,0.0,1.0,1.0,0.0,0.0,1.0,0.0,0.0,0.0,0.0,1.0,0.0,1.0
FIX_TYPO_PUBLIC,Java,samples/java/ArrayDemo.java,SYNTAX,EXTRANEOUS_TOKEN,1,0,"extraneous input 'pubic' expecting {'@', 'package', 'import', 'class', 'interface', 'enum', 'abstract', 'final', 'static', 'strictfp', 'native', 'synchronized', 'transient', 'volatile', 'public', 'private', 'protected', 'sealed', 'record'}",pubic,pubic class ArrayDemo {,0,0,1,0,1,0,0,1,0,0,0,0,0.001,0.0,0.07666666666666666,1.0,0.7966666666666666,1.0,0.0,0.0,0.0,0.0,0.0,1.0,1.0,0.0,0.0,0.0,0.0,1.0,0.0,1.0,0.0,0.0,0.0,0.0,1.0
FIX_TYPO_PUBLIC,Java,samples/java/ArrayDemo.java,SYNTAX,MISSING_TOKEN,4,24,missing ';' at 'i',i,        for (int i = 0; i < 5; i++) {,0,0,1,0,1,0,1,0,0,0,0,0,0.004,0.12,0.12333333333333334,0.2,0.06,1.0,0.0,1.0,0.0,0.0,1.0,1.0,0.0,1.0,1.0,0.0,0.0,1.0,0.0,0.0,0.0,0.0,1.0,0.0,1.0
FIX_TYPO_PUBLIC,Java,samples/java/ArrayDemo.java,SYNTAX,MISSING_TOKEN,7,24,missing ';' at 'i',i,        for (int i = 0; i < 5; i++) {,0,0,1,0,1,0,1,0,0,0,0,0,0.007,0.12,0.12333333333333334,0.2,0.06,1.0,0.0,1.0,0.0,0.0,1.0,1.0,0.0,1.0,1.0,0.0,0.0,1.0,0.0,0.0,0.0,0.0,1.0,0.0,1.0
FIX_TYPO_CLASS,Java,samples/java/ArrayDemo.java,SYNTAX,NO_VIABLE_ALT,1,7,no viable alternative at input 'publicclas',clas,public clas ArrayDemo {,0,0,1,0,1,0,0,0,0,1,0,0,0.001,0.035,0.07666666666666666,0.1,0.14333333333333334,1.0,0.0,0.0,0.0,0.0,0.0,1.0,0.0,0.0,0.0,0.0,0.0,0.0,0.0,0.0,0.0,0.0,0.0,0.0,1.0
NO_ERROR,Java,samples/java/Hello.java,NONE,OTHER,0,0,,,,0,0,1,0,0,1,0,0,0,0,0,1,0.0,0.0,0.0,0.0,0.0,0.0,0.0,0.0,0.0,0.0,0.0,0.0,0.0,0.0,0.0,0.0,0.0,0.0,0.0,0.0,0.0,0.0,0.0,0.0,1.0
REMOVE_EXTRA_SEMICOLON,Java,samples/java/Hello.java,SYNTAX,EXTRANEOUS_TOKEN,4,5,extraneous input ';' expecting '}',;,    };,0,0,1,0,1,0,0,1,0,0,0,0,0.004,0.025,0.02,0.2,0.11333333333333333,1.0,0.0,1.0,0.0,0.0,1.0,0.0,1.0,0.0,0.0,0.0,0.0,0.0,0.0,0.0,0.0,0.0,0.0,0.0,1.0
REMOVE_EXTRA_SEMICOLON,Java,samples/java/Hello.java,NONE,OTHER,0,0,,,,0,0,1,0,0,1,0,0,0,0,0,1,0.0,0.0,0.0,0.0,0.0,0.0,0.0,0.0,0.0,0.0,0.0,0.0,0.0,0.0,0.0,0.0,0.0,0.0,0.0,0.0,0.0,0.0,0.0,0.0,1.0
ADD_SEMICOLON,Java,samples/java/Hello.java,SYNTAX,MISSING_TOKEN,4,4,missing ';' at '}',},    },0,0,1,0,1,0,1,0,0,0,0,0,0.004,0.02,0.016666666666666666,0.2,0.06,1.0,0.0,0.0,0.0,0.0,1.0,0.0,1.0,0.0,0.0,0.0,0.0,0.0,0.0,0.0,0.0,0.0,0.0,0.0,1.0
ADD_SEMICOLON,Java,samples/java/Hello.java,SYNTAX,MISSING_TOKEN,4,4,missing ';' at '}',},    },0,0,1,0,1,0,1,0,0,0,0,0,0.004,0.02,0.016666666666666666,0.2,0.06,1.0,0.0,0.0,0.0,0.0,1.0,0.0,1.0,0.0,0.0,0.0,0.0,0.0,0.0,0.0,0.0,0.0,0.0,0.0,1.0
NO_ERROR,Java,samples/java/StringDemo.java,NONE,OTHER,0,0,,,,0,0,1,0,0,1,0,0,0,0,0,1,0.0,0.0,0.0,0.0,0.0,0.0,0.0,0.0,0.0,0.0,0.0,0.0,0.0,0.0,0.0,0.0,0.0,0.0,0.0,0.0,0.0,0.0,0.0,0.0,1.0
ADD_SEMICOLON,Java,samples/java/StringDemo.java,SYNTAX,MISSING_TOKEN,7,4,missing ';' at '}',},    },0,0,1,0,1,0,1,0,0,0,0,0,0.007,0.02,0.016666666666666666,0.2,0.06,1.0,0.0,0.0,0.0,0.0,1.0,0.0,1.0,0.0,0.0,0.0,0.0,0.0,0.0,0.0,0.0,0.0,0.0,0.0,1.0
ADD_CLOSING_BRACE,Java,samples/java/StringDemo.java,SYNTAX,MISSING_TOKEN,8,0,missing '}' at '<EOF>',<EOF>,,0,0,1,0,1,0,1,0,0,0,0,0,0.008,0.0,0.0,0.2,0.07333333333333333,0.0,0.0,0.0,0.0,0.0,0.0,0.0,1.0,0.0,0.0,0.0,0.0,0.0,0.0,0.0,0.0,0.0,0.0,0.0,1.0
ADD_CLOSING_BRACE,Java,samples/java/StringDemo.java,SYNTAX,MISSING_TOKEN,8,0,missing '}' at '<EOF>',<EOF>,,0,0,1,0,1,0,1,0,0,0,0,0,0.008,0.0,0.0,0.2,0.07333333333333333,0.0,0.0,0.0,0.0,0.0,0.0,0.0,1.0,0.0,0.0,0.0,0.0,0.0,0.0,0.0,0.0,0.0,0.0,0.0,1.0
ADD_SEMICOLON,Java,samples/java/StringDemo.java,SYNTAX,MISSING_TOKEN,7,4,missing ';' at '}',},    },0,0,1,0,1,0,1,0,0,0,0,0,0.007,0.02,0.016666666666666666,0.2,0.06,1.0,0.0,0.0,0.0,0.0,1.0,0.0,1.0,0.0,0.0,0.0,0.0,0.0,0.0,0.0,0.0,0.0,0.0,0.0,1.0
NO_ERROR,Java,samples/java/WhileDemo.java,NONE,OTHER,0,0,,,,0,0,1,0,0,1,0,0,0,0,0,1,0.0,0.0,0.0,0.0,0.0,0.0,0.0,0.0,0.0,0.0,0.0,0.0,0.0,0.0,0.0,0.0,0.0,0.0,0.0,0.0,0.0,0.0,0.0,0.0,1.0
ADD_CLOSING_BRACE,Java,samples/java/WhileDemo.java,SYNTAX,MISSING_TOKEN,9,1,missing '}' at '<EOF>',<EOF>,},0,0,1,0,1,0,1,0,0,0,0,0,0.009,0.005,0.0033333333333333335,0.2,0.07333333333333333,1.0,0.0,0.0,0.0,0.0,0.0,0.0,1.0,0.0,0.0,0.0,0.0,0.0,0.0,0.0,0.0,0.0,0.0,0.0,1.0
FIX_TYPO_CLASS,Java,samples/java/WhileDemo.java,SYNTAX,NO_VIABLE_ALT,1,7,no viable alternative at input 'publicclas',clas,public clas WhileDemo {,0,0,1,0,1,0,0,0,0,1,0,0,0.001,0.035,0.07666666666666666,0.1,0.14333333333333334,1.0,0.0,0.0,0.0,0.0,0.0,1.0,0.0,0.0,0.0,0.0,0.0,0.0,0.0,0.0,0.0,1.0,0.0,0.0,1.0
FIX_TYPO_PUBLIC,Java,samples/java/WhileDemo.java,SYNTAX,EXTRANEOUS_TOKEN,1,0,"extraneous input 'pubic' expecting {'@', 'package', 'import', 'class', 'interface', 'enum', 'abstract', 'final', 'static', 'strictfp', 'native', 'synchronized', 'transient', 'volatile', 'public', 'private', 'protected', 'sealed', 'record'}",pubic,pubic class WhileDemo {,0,0,1,0,1,0,0,1,0,0,0,0,0.001,0.0,0.07666666666666666,1.0,0.7966666666666666,1.0,0.0,0.0,0.0,0.0,0.0,1.0,1.0,0.0,0.0,0.0,0.0,1.0,0.0,1.0,0.0,1.0,0.0,0.0,1.0
REMOVE_EXTRA_SEMICOLON,Java,samples/java/WhileDemo.java,NONE,OTHER,0,0,,,,0,0,1,0,0,1,0,0,0,0,0,1,0.0,0.0,0.0,0.0,0.0,0.0,0.0,0.0,0.0,0.0,0.0,0.0,0.0,0.0,0.0,0.0,0.0,0.0,0.0,0.0,0.0,0.0,0.0,0.0,1.0
NO_ERROR,Java,samples/java/calculator.java,NONE,OTHER,0,0,,,,0,0,1,0,0,1,0,0,0,0,0,1,0.0,0.0,0.0,0.0,0.0,0.0,0.0,0.0,0.0,0.0,0.0,0.0,0.0,0.0,0.0,0.0,0.0,0.0,0.0,0.0,0.0,0.0,0.0,0.0,1.0
ADD_SEMICOLON,Java,samples/java/calculator.java,SYNTAX,MISMATCHED_TOKEN,12,8,"mismatched input 'int' expecting {';', ','}",int,"        int result = c.add(5, 3);",0,0,1,0,1,0,0,0,1,0,0,0,0.012,0.04,0.11,0.3,0.14333333333333334,0.0,0.0,1.0,0.0,0.0,1.0,1.0,1.0,1.0,1.0,0.0,0.0,1.0,0.0,0.0,0.0,0.0,0.0,0.0,1.0
ADD_SEMICOLON,Java,samples/java/calculator.java,SYNTAX,MISMATCHED_TOKEN,13,8,"mismatched input 'System' expecting {';', ','}",System,        System.out.println(result);,0,0,1,0,1,0,0,0,1,0,0,0,0.013,0.04,0.11666666666666667,0.3,0.15333333333333332,0.0,0.0,1.0,0.0,0.0,1.0,1.0,1.0,1.0,1.0,0.0,0.0,1.0,0.0,0.0,0.0,0.0,0.0,0.0,1.0
ADD_CLOSING_BRACE,Java,samples/java/calculator.java,SYNTAX,MISMATCHED_TOKEN,10,27,"mismatched input '(' expecting {';', ','}",(,    public static void main(String[] args) {,0,0,1,0,1,0,0,0,1,0,0,0,0.01,0.135,0.14666666666666667,0.3,0.13666666666666666,1.0,0.0,0.0,1.0,0.0,1.0,1.0,1.0,1.0,1.0,0.0,0.0,0.0,1.0,0.0,0.0,0.0,0.0,1.0,1.0
ADD_CLOSING_BRACE,Java,samples/java/calculator.java,SYNTAX,MISMATCHED_TOKEN,10,41,"mismatched input ')' expecting {';', ','}",),    public static void main(String[] args) {,0,0,1,0,1,0,0,0,1,0,0,0,0.01,0.205,0.14666666666666667,0.3,0.13666666666666666,1.0,0.0,0.0,1.0,0.0,1.0,1.0,1.0,1.0,1.0,0.0,0.0,0.0,1.0,0.0,0.0,0.0,0.0,1.0,1.0
ADD_CLOSING_BRACE,Java,samples/java/calculator.java,SYNTAX,MISSING_TOKEN,15,1,missing '}' at '<EOF>',<EOF>,},0,0,1,0,1,0,1,0,0,0,0,0,0.015,0.005,0.0033333333333333335,0.2,0.07333333333333333,1.0,0.0,0.0,0.0,0.0,0.0,0.0,1.0,0.0,0.0,0.0,0.0,0.0,0.0,0.0,0.0,0.0,0.0,0.0,1.0
ADD_CLOSING_BRACE,Java,samples/java/calculator.java,SYNTAX,MISMATCHED_TOKEN,6,23,"mismatched input '(' expecting {';', ','}",(,"    public int multiply(int a, int b) {",0,0,1,0,1,0,0,0,1,0,0,0,0.006,0.115,0.13,0.3,0.13666666666666666,1.0,0.0,0.0,0.0,0.0,1.0,1.0,1.0,1.0,1.0,0.0,0.0,1.0,0.0,0.0,0.0,0.0,0.0,0.0,1.0
ADD_CLOSING_BRACE,Java,samples/java/calculator.java,SYNTAX,EXTRANEOUS_TOKEN,6,31,extraneous input 'int' expecting IDENTIFIER,int,"    public int multiply(int a, int b) {",0,0,1,0,1,0,0,1,0,0,0,0,0.006,0.155,0.13,0.1,0.14333333333333334,1.0,0.0,0.0,0.0,0.0,0.0,1.0,0.0,1.0,1.0,1.0,0.0,1.0,0.0,0.0,1.0,0.0,0.0,0.0,1.0
ADD_CLOSING_BRACE,Java,samples/java/calculator.java,SYNTAX,EXTRANEOUS_TOKEN,6,36,"extraneous input ')' expecting {';', ','}",),"    public int multiply(int a, int b) {",0,0,1,0,1,0,0,1,0,0,0,0,0.006,0.18,0.13,0.3,0.13666666666666666,1.0,0.0,0.0,0.0,0.0,1.0,1.0,1.0,1.0,1.0,0.0,0.0,1.0,0.0,0.0,0.0,0.0,0.0,0.0,1.0
ADD_CLOSING_BRACE,Java,samples/java/calculator.java,SYNTAX,MISMATCHED_TOKEN,10,27,"mismatched input '(' expecting {';', ','}",(,    public static void main(String[] args) {,0,0,1,0,1,0,0,0,1,0,0,0,0.01,0.135,0.14666666666666667,0.3,0.13666666666666666,1.0,0.0,0.0,1.0,0.0,1.0,1.0,1.0,1.0,1.0,0.0,0.0,0.0,1.0,0.0,0.0,0.0,0.0,1.0,1.0
ADD_CLOSING_BRACE,Java,samples/java/calculator.java,SYNTAX,MISMATCHED_TOKEN,10,41,"mismatched input ')' expecting {';', ','}",),    public static void main(String[] args) {,0,0,1,0,1,0,0,0,1,0,0,0,0.01,0.205,0.14666666666666667,0.3,0.13666666666666666,1.0,0.0,0.0,1.0,0.0,1.0,1.0,1.0,1.0,1.0,0.0,0.0,0.0,1.0,0.0,0.0,0.0,0.0,1.0,1.0
ADD_CLOSING_BRACE,Java,samples/java/calculator.java,SYNTAX,MISSING_TOKEN,15,1,missing '}' at '<EOF>',<EOF>,},0,0,1,0,1,0,1,0,0,0,0,0,0.015,0.005,0.0033333333333333335,0.2,0.07333333333333333,1.0,0.0,0.0,0.0,0.0,0.0,0.0,1.0,0.0,0.0,0.0,0.0,0.0,0.0,0.0,0.0,0.0,0.0,0.0,1.0
NO_ERROR,Java,samples/java/conditions.java,NONE,OTHER,0,0,,,,0,0,1,0,0,1,0,0,0,0,0,1,0.0,0.0,0.0,0.0,0.0,0.0,0.0,0.0,0.0,0.0,0.0,0.0,0.0,0.0,0.0,0.0,0.0,0.0,0.0,0.0,0.0,0.0,0.0,0.0,1.0
ADD_CLOSING_BRACE,Java,samples/java/conditions.java,SYNTAX,MISSING_TOKEN,11,0,missing '}' at '<EOF>',<EOF>,,0,0,1,0,1,0,1,0,0,0,0,0,0.011,0.0,0.0,0.2,0.07333333333333333,0.0,0.0,0.0,0.0,0.0,0.0,0.0,1.0,0.0,0.0,0.0,0.0,0.0,0.0,0.0,0.0,0.0,0.0,0.0,1.0
REMOVE_EXTRA_SEMICOLON,Java,samples/java/conditions.java,SYNTAX,MISMATCHED_TOKEN,1,25,mismatched input ';' expecting '}',;,public class conditions {;,0,0,1,0,1,0,0,0,1,0,0,0,0.001,0.125,0.08666666666666667,0.2,0.11333333333333333,1.0,0.0,1.0,0.0,0.0,1.0,1.0,1.0,0.0,0.0,0.0,0.0,0.0,0.0,1.0,0.0,0.0,0.0,0.0,1.0
FIX_TYPO_CLASS,Java,samples/java/conditions.java,SYNTAX,NO_VIABLE_ALT,1,7,no viable alternative at input 'publicclas',clas,public clas conditions {,0,0,1,0,1,0,0,0,0,1,0,0,0.001,0.035,0.08,0.1,0.14333333333333334,1.0,0.0,0.0,0.0,0.0,0.0,1.0,0.0,0.0,0.0,0.0,0.0,0.0,0.0,0.0,0.0,0.0,0.0,0.0,1.0
ADD_SEMICOLON,Java,samples/java/conditions.java,SYNTAX,MISMATCHED_TOKEN,5,8,"mismatched input 'if' expecting {';', ','}",if,        if (x > y) {,0,0,1,0,1,0,0,0,1,0,0,0,0.005,0.04,0.06666666666666667,0.3,0.14,1.0,0.0,0.0,0.0,0.0,1.0,1.0,1.0,1.0,1.0,0.0,0.0,0.0,0.0,0.0,1.0,0.0,0.0,0.0,1.0
ADD_CLOSING_BRACE,Java,samples/java/loop.java,SYNTAX,MISSING_TOKEN,4,24,missing ';' at 'i',i,        for (int i = 0; i < 10; i++) {,0,0,1,0,1,0,1,0,0,0,0,0,0.004,0.12,0.12666666666666668,0.2,0.06,1.0,0.0,1.0,0.0,0.0,1.0,1.0,0.0,1.0,1.0,0.0,0.0,1.0,0.0,0.0,0.0,0.0,1.0,0.0,1.0
ADD_CLOSING_BRACE,Java,samples/java/loop.java,SYNTAX,MISSING_TOKEN,9,1,missing '}' at '<EOF>',<EOF>,},0,0,1,0,1,0,1,0,0,0,0,0,0.009,0.005,0.0033333333333333335,0.2,0.07333333333333333,1.0,0.0,0.0,0.0,0.0,0.0,0.0,1.0,0.0,0.0,0.0,0.0,0.0,0.0,0.0,0.0,0.0,0.0,0.0,1.0
ADD_CLOSING_BRACE,Java,samples/java/loop.java,SYNTAX,MISSING_TOKEN,4,24,missing ';' at 'i',i,        for (int i = 0; i < 10; i++) {,0,0,1,0,1,0,1,0,0,0,0,0,0.004,0.12,0.12666666666666668,0.2,0.06,1.0,0.0,1.0,0.0,0.0,1.0,1.0,0.0,1.0,1.0,0.0,0.0,1.0,0.0,0.0,0.0,0.0,1.0,0.0,1.0
ADD_CLOSING_BRACE,Java,samples/java/loop.java,SYNTAX,MISSING_TOKEN,9,1,missing '}' at '<EOF>',<EOF>,},0,0,1,0,1,0,1,0,0,0,0,0,0.009,0.005,0.0033333333333333335,0.2,0.07333333333333333,1.0,0.0,0.0,0.0,0.0,0.0,0.0,1.0,0.0,0.0,0.0,0.0,0.0,0.0,0.0,0.0,0.0,0.0,0.0,1.0
REMOVE_EXTRA_SEMICOLON,Java,samples/java/loop.java,SYNTAX,MISMATCHED_TOKEN,1,19,mismatched input ';' expecting '}',;,public class loop {;,0,0,1,0,1,0,0,0,1,0,0,0,0.001,0.095,0.06666666666666667,0.2,0.11333333333333333,1.0,0.0,1.0,0.0,0.0,1.0,1.0,1.0,0.0,0.0,0.0,0.0,0.0,0.0,1.0,0.0,0.0,0.0,0.0,1.0
REMOVE_EXTRA_SEMICOLON,Java,samples/java/loop.java,SYNTAX,MISSING_TOKEN,4,24,missing ';' at 'i',i,        for (int i = 0; i < 10; i++) {,0,0,1,0,1,0,1,0,0,0,0,0,0.004,0.12,0.12666666666666668,0.2,0.06,1.0,0.0,1.0,0.0,0.0,1.0,1.0,0.0,1.0,1.0,0.0,0.0,1.0,0.0,0.0,0.0,0.0,1.0,0.0,1.0
